"Time","Coral","Macro"
0,0.10539103309083066,0.3914296835980001,0.5031792833111692
2,0.0879749027233526,0.6062626799848269,0.30576246526663636
4,0.06506505643216584,0.6202326681776952,0.3147023013443585
6,0.03812851481156249,0.7843499411947389,0.17752157539977273
8,0.0202916518276288,0.7880354197656486,0.19167300252584515
10,0.010195539575042623,0.8201179349535165,0.16968663724661937
12,0.004825624048624629,0.8129701188830886,0.18220444553085352
14,0.002292243568422111,0.8859392641299179,0.11176853346397363
16,0.0010762567930038206,0.874969291860782,0.12395452844976243
18,0.0005527471385569303,0.816699708230176,0.18274760182831776
20,0.0002593191372416401,0.827395086146526,0.1723458172532934
22,0.0001836924445966146,0.3794763778936006,0.6203403389993299
24,0.00037730249048242533,0.18659632311742774,0.8130264333814651
26,0.0006229080461190425,0.3189158170450235,0.6804614650592095
28,0.0007896005342874669,0.30846087316093784,0.6907501462003924
30,0.0014941200790816631,0.09414653592366695,0.9043598666892002
32,0.003614461697530995,0.08892701896757005,0.9074586881495537
34,0.008703792010469075,0.14281690108756737,0.8484793661517473
36,0.020115114829760708,0.10848723411315504,0.8713977224031763
38,0.047215033123733666,0.07281289349222429,0.8799722343512355
40,0.09883629158733705,0.10583971736124666,0.795323991051416
